sku,price,type,name
1922700,US$ 6.43,LingAo/LA,LingAo Magic Clock Puzzle Cube
1939022,US$ 2.36,3x3,QiYi MoFangGe QiHang 3x3x3 Magic Cube Speed Twist Puzzle - Black
1939019,US$ 4.90,Irregular Puzzles,DianSheng Hexagonal Pyramid Dipyramid 3x3x3 Shape Mode Magic Cube Puzzle - Black
1939015,US$ 6.18,Irregular Puzzles,DianSheng Octahedron Face-Turning Cube DS 8-Sided 3x3x3 Magic Cube - Black
1939011,US$ 4.04,YJ (MoYu),2015 Newest Yongjun YJ Yupo 2x2x2 Magic Cube Competition Speed Cube - White
1939024,US$ 3.64,Cyclone Boys,3-In-1 Cyclone Boys Q Doll Piggy Bank Magic Cube
1939021,US$ 3.73,QJ,QJ 3x3x3 Stickerless Speed Smooth Magic Cube - Colorful
1922698,US$ 4.40,ShengShou,Shengshou Square-1 SQ1 3x3x3 Speed Cube Puzzle - White
1922688,US$ 8.64,Others,2015 New QiYi MoFangGe MFG Pyraminx Speed Cube Magic Cube - Black
1922687,US$ 3.92,Others,FangCun 3x3x3 Stickerless Speed Cube Magic Cube - Colorful
1939017,US$ 7.41,Irregular Puzzles,DianSheng Octagonal Pyramid Dipyramid 4x4 Shape Mode Magic Cube Puzzle - Black
1922691,US$ 11.36,DaYan,2015 DaYan Pyraminx Speed Cube Stickerless Magic Cube - Transparent Pink
1922695,US$ 14.07,ZhiSheng,Yuxin Zhisheng Kylin 5x5x5 Stickerless Speed Magic Cube Puzzle 6.3cm - Colorful
1914949,US$ 87.61,ZhiSheng,Yuxin Zhisheng 11x11x11 Speed Cube Pillow Magic Cube - Black
1914948,US$ 9.56,YJ (MoYu),Yongjun YJ MoYu Hualong 3x3x3 Speed Cube Stickerless Magic Cube - Fluorescent 6-Color
1917355,US$ 7.56,Others,2015 New QiYi MoFangGe MFG Pyraminx Stickerless Magic Cube - Colorful
M167101,US$ 5.94,LanLan/LL,X-cube Gear CubeⅠ3D 3x3x3 Magic Cube 6cm - Black
M166901,US$ 3.80,YJ (MoYu),Yongjun YJ Carat Diamond 3x3x3 Magic Cube 6cm - Transparent Black
M167601,US$ 12.03,CubeTwist,CT&OSKAR 5x5x5 Gear Cube Magic Cube Painted Stickerless Twisty Puzzle 8cm - White
M167301,US$ 5.94,LanLan/LL,X-cube Gear Cube II 3D 3x3x3 Magic Cube 6cm - White
M167201,US$ 5.94,LanLan/LL,X-cube Gear Cube II 3D 3x3x3 Magic Cube 6cm - Black
M167401,US$ 5.94,LanLan/LL,X-cube Gear CubeⅠ3D 3x3x3 Magic Cube 6cm - White
M168202,US$ 4.51,Others,QiYi MoFangGe DouNiu 3x3x3 Magic Cube Speed Twist Puzzle
M167501,US$ 22.16,FangShi/FS,Fangshi Funs Limcube 3x3 Dreidel Magic Cube Simple Version 6.5cm - Black
M167701,US$ 8.91,FangShi/FS,Fangshi Funs JieYun 3X3X3 Magic Cube 5.7cm - Black
M167901,US$ 2.77,3x3,3X3X3 Round Bead Ball Magic Cube Puzzle Toy 5.7cm - Colorful
M168101,US$ 4.31,Others,QiYi MoFangGe Snow Leopard 4x4x4 Stickerless Magic Cube Speed Twist Puzzle
M168001,US$ 3.51,Others,QiYi MoFangGe QiHang 4x4x4 Magic Cube Speed Twist Puzzle
M165501,US$ 10.82,Others,Nature Pattern Caring for the Earth Platypus Style Irregular Brain Teaser Eight Axial Magic Cube (10cm)
M167801,US$ 4.11,Others,4X4X4 Round Bead Ball Magic Cube Puzzle Toy 7cm - Colorful
M165301,US$ 7.43,CubeTwist,CubeTwist Skewb Cube New Style Speed Puzzle Magic Cube Black (6cm)
M166001,US$ 6.93,YJ (MoYu),Yongjun YJ Yuhu Megaminx Magic Cube Speed Cube - White
M165401,US$ 5.13,CubeTwist,CubeTwist 3x3x3 Puzzle Speed Sudoku Number Magic Cube Educational Puzzle Toy - White (5.7cm)
M166101,US$ 5.89,YJ (MoYu),Yongjun YJ Yuhu Megaminx Magic Cube Speed Cube – Black
M166201,US$ 5.89,YJ (MoYu),Yongjun YJ Yuhu Megaminx Stickerless Magic Cube Speed Cube – Colorful
M165901,US$ 4.90,ShengShou,ShengShou 5x5x5 Frosted Sticker Magic Cube 6.4cm – Black
M166301,US$ 3.99,Cube Lubes,Formula Water-based Lubricant Lube Oil 10ML for XWH Magic Cube
M166402,US$ 23.51,ShengShou,6.9cm Shengshou Linglong Mini 7x7x7 Magic Cube Puzzle Cube - White
M164101,US$ 8.51,CubeTwist,CubeTwist Mirror Double Conjoined 3x3x3 Magic Cube Bump Cube(Fluorescent White Stickers)
M164301,US$ 11.36,CubeTwist,CubeTwist Siamese Conjoined Triple 3X3X7 Mirror Magic Cube Bump Cube(Fluorescent White Sticker)
M166601,US$ 11.11,DaYan,DaYan Pyraminx Magic Cube Puzzle Cube
M166701,US$ 6.82,Cyclone Boys,Cyclone Boys Jisuzhiwu 5x5x5 Stickerless Magic Cube Speed Puzzle 6.3cm - Colorful
M164201,US$ 9.34,CubeTwist,CubeTwist Triple Conjoined 3x3x3 Magic Cube
M164001,US$ 6.93,CubeTwist,CubeTwist World Map 3x3x3 Magic Cube Puzzle Cube 57mm
M165001,US$ 4.46,CubeTwist,CubeTwist 3x3x3 Colorful Gravity Magic Cube Puzzle (60MM)
M164801,US$ 8.90,CubeTwist,CubeTwist CT Bandaged 2x2x2 Magic Cube Puzzle - Black Body (Difficulty 8 of 10)
M164701,US$ 7.92,CubeTwist,CubeTwist Siamese Conjoined Double 3X3X5 Magic Cube Bump Cube(Flourescent Silver Sticker)
M164401,US$ 12.59,CubeTwist,Cube Twist CT 4x4x4 Wall Cube Magic Cube 60mm - Black Body (Difficulty 8 of 10)
M164501,US$ 10.13,CubeTwist,CubeTwist Siamese Conjoined Double Mirror 3x3x3 Magic Cube Bump Cube Silver/Gold
M164901,US$ 7.98,CubeTwist,CubeTwist Bandage Ⅲ 3x3x3 Void Hollow Magic Cube Puzzle White(60MM)
M162401,US$ 81.57,ShengShou,ShengShou 10x10x10 Magic Cube Competition Twist Puzzle 102mm
M122301,US$ 9.14,LanLan/LL,LanLan MoXing 8 Axis Hexahedron Rex Cube Flower Rex Puzzle 58mm
M163601,US$ 16.43,GansPuzzle,Ganspuzzle III 56mm GAN356 3x3x3 Magic Cube Extra Smooth Speedcube
M164601,US$ 5.44,CubeTwist,Square-1 CubeTwist White Magic Cube CT Puzzle Square 1 Twisty Gift(57MM)
M163101,US$ 5.08,Others,QY MoFangGe Thunderclap Magic Cube 3x3x3 56mm
M163201,US$ 11.86,3x3,CONG’S DESIGN MeiYing 3x3x3 Magic Cube 56MM
M148502,US$ 4.82,DianSheng/DS,Dian Sheng Ancient 3x3x3 Irregular Magic Cube
M163001,US$ 2.93,ShengShou,Shengshou Rainbow 3x3x3 Magic Cube (56mm)
M163301,US$ 3.33,Others,New Qiyi Xin Ciyuan Transparent Black 3x3x3 Mo Fang Ge Magic Cube
M160701,US$ 8.90,YJ (MoYu),MoYu YJ8226 Crazy Hot Wheel 3x3x3 Odd Magic Cube Twist Puzzle
M159901,US$ 10.13,Others,MAD HEDZ Crazy Brain 2x2x2 Puzzle Head Cartoon Irregular Magic Cube 68MM
M161101,US$ 31.06,3x3,LimCube Dreidel 3x3x3 Brain Teaser Magic Cube
M160901,US$ 3.35,Others,MoZhi 2x2x2 Pyraminx Magic Cube Black 88mm
M161301,US$ 2.69,Cube Lubes,Formula Water-based Lubricant Lube Oil 5ML for XWH Magic Cube
M161001,US$ 10.87,YJ (MoYu),MoYu HuaLong 3x3x3 Magic Cube 57mm
M161501,US$ 26.13,YJ (MoYu),MoYu Aosu Hot Wheel 4x4x4 Odd Magic Cube YJ8236
M160801,US$ 2.86,Others,HeShu 3x3x3 Cylindrical Magic Cube 57mm
M159001,US$ 6.06,Cyclone Boys,Cyclone Boys G4 4x4x4 Magic Cube Speed Cube 60mm
M158802,US$ 3.47,Cyclone Boys,Cyclone Boys Mugua Jisuzhiyun 3x3x3 Magic Cube Speedcube 57mm
M159201,US$ 11.60,FangShi/FS,Fang Shi Mini Shuang Ren Transparent 3x3x3 Magic Cube 54.6MM(Limited Edition)
M159401,US$ 6.18,ZhiSheng,YuXin ZhiSheng Kylin 3x3x3 Magic Cube Speed Edition 58MM
M159701,US$ 8.90,FangShi/FS,FangShi GuangYing 3x3x3 Magic Cube Speed Puzzle 57MM
M159601,US$ 16.29,YJ (MoYu),YJ YJ8227 MoYu Wheel of Time Magic Cube 76MM
M159301,US$ 3.47,Others,ZhuoWeiDi 3x3x3 Three-dimensional Paster Competition Magic Cube 58MM
M159101,US$ 8.40,FangShi/FS,Fangshi / FS Xingyu 2×2×2 Magic Cube 50MM
M159501,US$ 11.60,ZhiSheng,ZhiSheng YuXin 4x4x4 Magic Cube 62MM
M158901,US$ 3.85,Cyclone Boys,Cyclone Boys FeiYi Mugua 3x3x3 Stickerless Magic Cube 57MM
M160502,US$ 11.60,FangShi/FS,Fang Shi Mini Shuang Ren Transparent 3x3x3 Magic Cube 54.6MM(Limited Edition) - Light Green
M160101,US$ 10.13,Others,MAD HEDZ Crazy Skull 2x2x2 Puzzle Head Cartoon Irregular Magic Cube 68MM
M160401,US$ 10.13,Others,MAD HEDZ Crazy Mummy 2x2x2 Puzzle Head Cartoon Irregular Magic Cube 68MM
M159801,US$ 8.40,Others,CONG’S DESIGN YueYing 3x3x3 Magic Cube 56MM
M160001,US$ 10.13,Others,MAD HEDZ Crazy Horn 2x2x2 Puzzle Head Cartoon Irregular Magic Cube 68MM
M160301,US$ 10.13,Others,MAD HEDZ Crazy Black Breath 2x2x2 Puzzle Head Cartoon Irregular Magic Cube 68MM
M157901,US$ 27.37,DaYan + MF8,MF8 DaYan Crazy Octahedron Stickerless Magic Cube Twist Puzzle Colorful (Venus)
M157801,US$ 24.90,DaYan,DaYan Gem Cube VIII Magic Cube
M158201,US$ 27.37,DaYan + MF8,MF8 DaYan Crazy Octahedron Stickerless Magic Cube Twist Puzzle Colorful (Mars)
M157701,US$ 45.85,DaYan,DaYan Gem Cube VI Magic Cube
M157601,US$ 6.87,Others,FangGe MiTu Mirror Cube 2x2x2 Magic Cube Brain Teaser 57mm
M158101,US$ 27.37,DaYan + MF8,MF8 DaYan Crazy Octahedron Stickerless Magic Cube Twist Puzzle Colorful (Mercury)
M158001,US$ 27.37,DaYan + MF8,MF8 DaYan Crazy Octahedron Stickerless Magic Cube Twist Puzzle Colorful (Jupiter)
M155701,US$ 4.46,Others,AULDEY QiBo Juvenile 690303 Deformation Robot Irregular Magic Cube Flying Keck
M158301,US$ 27.37,DaYan + MF8,MF8 DaYan Crazy Octahedron Stickerless Magic Cube Twist Puzzle Colorful (Saturn)
M155501,US$ 5.20,Others,AULDEY QiBo Juvenile 690012 3x3x3 Magic Cube Beyblade Dragon
M155601,US$ 3.97,Others,AULDEY QiBo Juvenile 690014 3x3x3 Magic Cube Lightning Storm Shark
M155801,US$ 4.46,Others,AULDEY QiBo Juvenile 690301 Deformation Robot Irregular Magic Cube Flying Baron
M155401,US$ 10.13,Others,AULDEY QiBo Juvenile 69003 3x3x3 Magic Cube Sword Shark
M156601,US$ 2.78,3x3,QY MoFangGe YongShi Magic Cube 3x3x3 57mm
M156001,US$ 2.24,YJ (MoYu),Yong Jun  Guan Long 3x3x3 Magic Cube 57mm
M156101,US$ 7.66,YJ (MoYu),MoYu Triangle Pyramid Pyraminx Magic Cube Speed Puzzle Twist Toy
M156401,US$ 3.47,YJ (MoYu),Young Jun Angled Type Magic Cube Smooth Twist Toy
M156701,US$ 6.18,3x3,QY MoFangGe DouNiu Magic Cube 3x3x3 57mm
M156201,US$ 3.23,3x3,Formula Cube 3x3x3 Three Layer Magic Cube 56mm
M152503,US$ 12.83,GansPuzzle,New GAN357 GAN3-57 Gans III Ganspuzzle 57mm 3x3x3 Speed Cube Magic Cube
M152901,US$ 3.97,Cube Stickers,Half Bright Z Stickers for 78mm 7x7x7 AoFu Magic Cube
M152602,US$ 3.04,QJ,QJ 3x3x3 57mm Bread Magic Cube
M153401,US$ 10.37,YJ (MoYu),MoYu AoLong V2 Enhanced Version 3x3x3 Speed Puzzle Cube
M154201,US$ 4.34,ShengShou,ShengShou Aurora 2x2x2 Magic Cube 50m
M152401,US$ 7.66,YJ (MoYu),Moyu Skewb 60mm Magic Cube
M148701,US$ 11.36,3x3,Large Cube 3x3x3 180mm Magic Puzzle Toy
M149401,US$ 2.00,Cube Components,Small Components for Da Yan Magic Cube 3x3x3
M148801,US$ 9.39,QJ,QJ Megaminx 76mm Magic Cube Puzzle
M149001,US$ 10.37,YJ (MoYu),MoYu AoLong Enhanced Version 3x3x3 Speed Puzzle Cube (57mm)
M149101,US$ 4.27,LanLan/LL,Lan Lan 2x2x2 50mm Magic Cube
M150001,US$ 1.80,Cube Components,Magic Cube Central Core Axis for Fang Shi Magic Cube
M149301,US$ 8.40,2x3,Dominoes Dice Magic Cube 2x3x3
M148001,US$ 11.36,YJ (MoYu),YJ Moyu Crazy Fisher Cube 3x3x3 57mm Speed Cube Puzzle Limited Edition
M117502,US$ 48.32,DaYan,Dayan Wheel of Wisdom Rotational Twisty Puzzle Cube Black/White/Colorful
M150201,US$ 8.16,FangShi/FS,Fang Shi Mini ShuangRen 3x3x3 54.6mm Magic Cube Black Face on Primary Core
M147901,US$ 8.90,YJ (MoYu),YJ Moyu Crazy YiLeng Fisher Cube 3x3x3 57mm Speed Cube Puzzle
M148101,US$ 3.85,Cyclone Boys,Cyclone Boys Jisuzhifeng 3x3x3 57mm Magic Cube
M145201,US$ 3.73,3x3,Qi Yi Heimanba 3x3x3 57mm Magic Cube
M145301,US$ 3.59,3x3,Qi Yi Concave Type 3x3x3 55mm Magic Cube
M146502,US$ 20.47,DaYan,Dayan Dino Skewb  60mm Magic Cube
M145001,US$ 3.92,YJ (MoYu),Yong Jun Xuan Bian Mastermorphix Tower Magic Cube
M141401,US$ 14.44,FangShi/FS,Fangshi Mini Shuang Ren 3x3x3 54.6mm Magic Cube Crystal Face on Blue Core
M141501,US$ 15.99,FangShi/FS,Fangshi Mini Shuang Ren 3x3x3 54.6mm Magic Cube Blue Face on Pink Core
M141301,US$ 13.83,FangShi/FS,Fangshi Mini Shuang Ren 3x3x3 54.6mm Magic Cube Black Face on Crystal Core
M141001,US$ 4.93,YJ (MoYu),Lucky Horse Yong Jun Speed Stacks Sport Stacking Cups (12-Cup Set)
M140501,US$ 5.32,Others,Mo Fang Ge Shi Se 4x4x4 62mm Magic Cube
M141601,US$ 15.99,FangShi/FS,Fangshi Mini Shuang Ren 3x3x3 54.6mm Magic Cube Blue Face on Crystal Core
M141201,US$ 15.99,FangShi/FS,Fangshi Mini Shuang Ren 3x3x3 54.6mm Magic Cube Black Face on Blue Core
M140401,US$ 3.97,4x4x4,Qi Yi 4x4x4 Magic Cube 62mm
M140201,US$ 5.20,Mirror Cubes,Guo Meng 3x3x3 58mm Golden Blocks Magic Cube
M140701,US$ 4.34,ShengShou,Sheng Shou 2x2 Football Magic Cube
M140002,US$ 5.20,3x3,Guo Meng 3x3x3 65mm Magic Cube
M137801,US$ 3.35,YJ (MoYu),Yong Jun 3x3x3 58mm Magic Cube
M139801,US$ 5.08,YJ (MoYu),YJ Fu Chou Zhe 4x4x4 59mm Magic Cube
M137701,US$ 4.58,YJ (MoYu),Yong Jun Wu Heng 3x3x3 58mm Magic Cube
M116801,US$ 18.26,YJ (MoYu),YJ YJ8212 Moyu Ao Su 4x4x4 Speed Cube Puzzle (62mm)
M132401,US$ 2.86,Irregular Puzzles,Xinmin Ball-shaped Number Magic Cube Sphere Puzzle Brain Teaser  60mm
M132901,US$ 15.06,GuoBing/Type-C,Guo Bing (Type C) Wit Four 4x4x4 Puzzle Speed Cube 62mm
M121501,US$ 5.12,LanLan/LL,Lan Lan Skewb Magic Puzzle Speed Cube (58mm)
M132501,US$ 11.11,FangShi/FS,FS (Funs) Fang Shi Shuang Ren 54.6mm Magic Cube 3x3x3 Puzzle Cube
M133101,US$ 3.23,LanLan/LL,LanLan Stickered Mini 3x3x3 Magic Cube 48mm
M133001,US$ 3.85,2x2,Qiyi Heimanba 2x2x2 50mm Magic Cube
M133201,US$ 3.35,DianSheng/DS,DS Dian Sheng 3x3x3 Puzzle Speed Magic Cube with Colorful Tiles
M131002,US$ 3.67,Others,Hui Yuan 3x3x3 Speed Cube 2nd Version 57mm (Amazing Performance)
M130904,US$ 7.66,Others,Wu Kong 2x2x2 50mm Magic Cube
M127901,US$ 3.35,Cube Components,Gans III 3x3 Magic Cube Replacement Core Set +Screws + Springs Set
M128201,US$ 2.00,Cube Components,Spring & Screws Set for Sheng Shou 6x6x6 Magic Puzzle Cube
M124801,US$ 12.14,YJ (MoYu),Yong Jun 2x2x2 Magic Cube (12 pack)
M131702,US$ 6.39,YJ (MoYu),YJ Yong Jun Xuan Wu Zhe 3x3x3 Round Dot Tiled Speeding Magic Cube (60mm)
M128601,US$ 2.24,Cube Components,Spring & Screws Set for Sheng Shou 9x9x9 Magic Puzzle Cube
M130001,US$ 5.56,GuoJia/Type A,Guojia Type A (alpha) Full Sealed (F3) Magic Cube 57mm
M128301,US$ 1.82,Cube Components,Spring & Screws Set for MHZ 3x3x3 Magic Puzzle Cube
M131401,US$ 26.13,YJ (MoYu),YJ Moyu Ao Su 4x4x4 Crazy YiLeng Fisher Speed Cube Collection Edition 62mm
M128401,US$ 1.74,Cube Components,Spring & Screws Set for Fang Shi 3x3x3 Magic Puzzle Cube
M128801,US$ 3.47,Others,Z- Cube 3x3x3 Magic Puzzle Speed Cube (58mm)
M128501,US$ 1.13,Cube Components,Spring & Screws Set for Sheng Shou 4x4x4 Magic Puzzle Cube
M128701,US$ 2.00,Cube Components,"Spring & Screws Set for Sheng Shou 7x7x7, 8x8x8 Magic Puzzle Cube"
M129101,US$ 1.85,GuoJia/Type A,Guo Jia 3x3x3 Number Printed Key Ring Mini Fun Magic Cube Puzzle Toy (30mm)
M125701,US$ 2.12,Cube Bags,Velvet Drawstring Carrying Pouch Bag Pocket for Magic Cube 3x3x3
M129001,US$ 1.85,GuoJia/Type A,Guo Jia Smiley Face Mini Keyring 3x3x3 Magic Cube Puzzle Toy (30mm)
M125601,US$ 10.87,Timers,QJ  QJ8024C LED Display Speed Cubing Timer (The 3nd Generation)
Y225101,US$ 7.05,Irregular Puzzles,Metallic Nano Puzzle Simulation Model Pirate Ship
M129901,US$ 10.37,YJ (MoYu),MoYu Ao Long 1st Version 3x3x3 Speed Puzzle Cube (57mm)
M128901,US$ 1.85,GuoJia/Type A,Guo Jia Mini Keyring 3x3x3 Magic Cube Puzzle Toy (30mm)
M125502,US$ 9.35,Timers,QJ Competition Speed Timer Magic Cube Timer (The 1st Generation)
M126201,US$ 2.12,Tools,Flat Metal File Tool with Plastic Handle for Magic Cubes
M126101,US$ 1.88,Tools,Cross Head Screwdriver with Crystal Handle
M126902,US$ 4.67,QJ,QJ Gui Dao Wang 3x3x3 Stickered Magic Puzzle Cube (60mm)
M125801,US$ 2.49,Cube Bags,Velvet Drawstring Carrying Pouch Bag Pocket for Magic Cube 4x4x4
M126801,US$ 3.04,QJ,QJ Mini 3x3x3 Stickered Magic Puzzle Cube (48mm)
M127101,US$ 3.85,QJ,QJ Gui Dao Wang 3x3x3 Magic Puzzle Cube (57mm)
M121001,US$ 5.98,YJ (MoYu),YongJun DIY 3D Puzzle Crystal Piano Intelligence Toy
M121301,US$ 3.59,YJ (MoYu),Yong Jun 3x3x3 Five Pointed Star Puzzle Magic Cube
M127002,US$ 3.35,QJ,QJ Stickered 3x3x3 Magic Puzzle Cube (57mm)
M127301,US$ 2.74,Others,Stickerless Concave Type Smooth 3x3x3 Magic Cube Puzzles (57mm)
M120801,US$ 3.11,YJ (MoYu),YongJun DIY 3D Puzzle Crystal Standing Rose Educational Toy
M122001,US$ 7.66,YJ (MoYu),Collection Edition YJ MoYu HuanYing 3x3x3 Magic Cube Puzzle Cube
M121101,US$ 3.32,YJ (MoYu),YongJun DIY 3D Puzzle Crystal Fruit Cherry Educational Toy
M121401,US$ 5.94,YJ (MoYu),YJ YJ8211 MoYu Dian Ma 3x3x3 Speed Cube Magic Cube Puzzle (57mm)
M124101,US$ 4.21,Rubik's Snakes,Dian Sheng 72 Sections Shape Changing Magic Ruler Puzzle
M121201,US$ 3.73,YJ (MoYu),YJ YJ0333  Rainbow Ball Football Magic Speed Cube （FinHop）
M121901,US$ 12.14,YJ (MoYu),YJ YJ8606 Magic Cube  2x2x2  Puzzle Cube 12-Pack
M122102,US$ 8.90,YJ (MoYu),YJ MoYu HuanYing 3-Layer Magic Cube Puzzle Cube Limited Edition
M124201,US$ 14.31,Rubik's Snakes,Dian Sheng 240 Sections Shape Changing Magic Ruler Puzzle
M124001,US$ 4.28,ShengShou,ShengShou Aurora 3x3x3 Puzzle Speed Cube (56mm)
M122901,US$ 4.21,Rubik's Snakes,Dian Sheng 72 Sections Shape Changing Magic Ruler Puzzle
M125201,US$ 9.39,Cyclone Boys,Mini Cyclone Boys  Magic Puzzle Cube 3x3x3 (40mm) 20 Pack
M120001,US$ 4.93,Flying Cups,Yong Jun Sports Stacking Cups Flying Cups
M119301,US$ 2.00,Cube Boxes,Plastic Saving Box Outer Packing for 3x3x3 Magic Cube
M119501,US$ 4.70,Cube Stickers,Calendar Stickers for 56mm 3x3 Magic Puzzle Cube
M119901,US$ 5.43,Flying Cups,Yong Jun Sports Stacking Cups Flying Cups
M116701,US$ 8.16,YJ (MoYu),Mo Yu Wei Long V2 Strengthened Version 3x3x3 Magic Cube (56mm) Puzzle Toy
M119801,US$ 5.70,YJ (MoYu),Yong Jun Sports Stacking Cups Night Glow Flying Cups
M117102,US$ 16.29,YJ (MoYu),Moyu Moyan II Devil's Eyes Speed Cube Puzzle
M116902,US$ 8.16,YJ (MoYu),Mini Mo Yu Wei Long V2 Strengthened Version 3x3x3 Magic Cube (54.5mm)
M117401,US$ 3.23,ShengShou,ShengShou LingLong 3x3x3 Puzzle Speed Cube (46mm)
M117701,US$ 1.77,Cube Stickers,Magic Cube CS Stickers Fit for 60mm 2x2x2 Moyu Magic Cube
M117004,US$ 17.27,YJ (MoYu),Moyu Moyan I Devil's Eyes Speed Cube Puzzle
M117201,US$ 3.23,YJ (MoYu),YJ YJ8111 Zhaocai Cat Lucky Cat Style Twisty Puzzle 2x2x2
M118301,US$ 1.74,Cube Components,Magic Cube Central Core Axis Fit for (57mm/55mm) Dayan 3x3 Puzzle Cube
M117302,US$ 8.40,FangShi/FS,FangShi Shi Shuang 2x2x2 55mm Magic
M117901,US$ 1.77,Cube Stickers,Magic Cube Stickers Fit for 60mm 4x4x4 Moyu Magic Cube
M117801,US$ 1.77,Cube Stickers,Moyu Magic Cube  Stickers 3x3x3 (60mm )
M118401,US$ 1.74,Cube Components,Magic Cube Central Core Axis Fit for (50mm/42mm) Dayan 3x3 Puzzle Cube
M118501,US$ 1.74,Cube Components,Springs Screws Set for Dayan 3x3x3 Magic Puzzle Cube
M115301,US$ 8.52,GansPuzzle,Ganspuzzle III Gan3 V2 3x3x3 Speed Cube Magic Cube Puzzle (55mm)
M113501,US$ 7.41,YJ (MoYu),YJ YJ83208 MoYu LingPo 2x2x2 Magic Cube (50mm)
28867,US$ 4.70,Octahedral,QJ UFO Style Octahedral Magic Cube White
29654,US$ 11.36,DIY Kits,3x3x5 MHZ Magic Cube DIY Kit Green
M114001,US$ 3.28,Cyclone Boys,Cyclone Boys FeiChang 2x2x2 Puzzle Speed Cube (50mm)
25274,US$ 3.47,2x2,2x2 YJ Magic Intelligence Test Cube Luminous Green
M113701,US$ 3.13,Cyclone Boys,Cyclone Boys 3x3x3 Simplified Version Magic Cube Stickerless
M114101,US$ 5.44,Cyclone Boys,Cyclone Boys 4x4x4 Magic Cub (60mm)
M113901,US$ 3.59,Cyclone Boys,Cyclone Boys XuanFeng Magic Cube 3x3x3 Strengthened Version   (56mm)
32764,US$ 10.13,DaYan,3x3x3 DaYan III LingYun Magic Cube Black
30491,US$ 10.13,DaYan,DaYan Gem Tetrakaidecahedron Magic Cube Black
M113603,US$ 4.34,YJ (MoYu),YJ YJ8302 ChiLong 3x3x3 Puzzle Speed Cube (56mm)
M113801,US$ 2.69,Cyclone Boys,Cyclone Boys FeiXuan Magic Cube 3x3x3 Heat Transfer Printing (55mm)
M115601,US$ 8.64,FangShi/FS,Funs Shi Shuang 2x2x2 48mm Primary Color Magic Cube
M114501,US$ 2.43,YJ (MoYu),YJ 2x2x2 Puzzle Speed Cube (50mm)
M114201,US$ 6.06,MF8,MF8 Square-1 / SQ1 V2 Twisty Puzzle Cube 3x3x3	(55mm)
M116101,US$ 8.30,Cyclone Boys,Cyclone Boys 3x3x3 Magic Cube Competition Version 6 Pack
M115401,US$ 8.90,FangShi/FS,Funs Shi Shuang 2x2x2 48mm Magic Cube
56754,US$ 2.55,Mirror Cubes,1x3x3 Mirror Speed Cube - White
52908,US$ 19.49,ShengShou,7 SS Magic Cube Black
56756,US$ 9.63,Mirror Cubes,3×3×3 Mirror Double Puzzle Cube - Red
M109601,US$ 3.73,Cube Stickers,Full Brightness A Oracal Cube Stickers for 2x2 Magic Cube
M114601,US$ 4.75,YJ (MoYu),YJ ShenSu 4x4x4 Magic Cube (60mm) for Cubing Competition
59287,US$ 6.67,ShengShou,ShengShou 7098A Pyraminx Magic Cube IQ Toy - White
58875,US$ 6.03,ShengShou,ShengShou  Pyraminx Magic Cube IQ Toy  - Black
64033,US$ 14.56,DaYan,DaYan Megaminx I 12-axis 3-rank Dodecahedron Magic Cube with Corner Ridges - White
64032,US$ 14.56,DaYan,DaYan Megaminx I 12-axis 3-rank Dodecahedron Magic Cube - White
62712,US$ 5.77,ShengShou,ShengShou Dodecahedron Megaminx Puzzle Speed Cube  - Black
M114401,US$ 2.63,ShengShou,Sheng Shou 2x2x2 50mm Magic Cube
42208,US$ 4.96,QJ,2x2x2 QJ 4 Leaves Hollow Magic Cube
36999,US$ 10.62,Timers,QJ  QJ8024A-HC LED Display Speed Cubing Timer
M115202,US$ 7.90,GansPuzzle,Ganspuzzle III Gan3 V2 3x3x3 Speed Cube Magic Cube Puzzle (55mm)
41677,US$ 4.70,DianSheng/DS,DS Diamond Shape Magic Cube - Black
M115101,US$ 3.67,YJ (MoYu),YJ Yu Long 3x3x3 Stickerless Speed Cube Puzzle (55mm)
42517,US$ 11.11,DaYan,3x3x3 DaYan LunHui Magic Cube – Color
42599,US$ 21.20,DianSheng/DS,Full Function 3x3x6 Magic Cube Black Body
M114801,US$ 2.98,ShengShou,Sheng Shou Shape Changing Magic Ruler Puzzle
44467,US$ 3.35,DianSheng/DS,3x3x3 Dian Sheng Mahjong Style Noctilucent Magic Cube
42601,US$ 21.20,DianSheng/DS,Full Function 3x3x4 Magic Cube White Body
46062,US$ 27.37,MF8,MF8 Helicopter Dodecahedron Magic Cube Black
33256,US$ 2.86,YJ (MoYu),3x3x3 YongJun Puzzle Star Magic Cube Yellow
33760,US$ 4.96,ZhiSheng,YX Pie  Cake 3x3x3 Puzzle Speed Cube
44470,US$ 7.17,DianSheng/DS,Cube Twist Dual Conjoined 3x3x3 Puzzle Speed Siamese Cube
41678,US$ 14.80,MF8,MF8 Starminx Magic Cube - Corner Turning Dodecahedron (Black)
33869,US$ 4.96,XM,14-Side XM Rainbow Magic Cube White
35175,US$ 4.46,Others,3x3 Ingot Shaped Intellect Magic Cube (Assorted Color)
34917,US$ 4.70,DianSheng/DS,DS 2-Layer Petal Column Magic Cube White
34920,US$ 4.46,CYH,3x3x3 CYH Yellow Graffiti Black Hole Magic Cube
34298,US$ 8.40,LanLan/LL,4x4x4 LanLan Super Mask Magic Cube White
30629,US$ 5.94,CubeTwist,CubeTwist 12-in-1 Sheet Magic IQ Test Cube (Hardcover Version)
34916,US$ 4.70,DianSheng/DS,DS 2-Layer Petal Column Magic Cube Black
30630,US$ 8.40,DianSheng/DS,DianSheng MODUN Magic Cube White
30626,US$ 6.93,Irregular Puzzles,Cube Twist Magic Clock Puzzle
30857,US$ 3.73,DianSheng/DS,DianSheng Tank Diamond Magic Cube Black
31025,US$ 9.14,DaYan,DaYan GuHong V1 3x3x3 Black 57mm Magic Cube
30811,US$ 2.00,Cube Keychain,Smart Tower Magic Cube Keychain (Assorted Color)
30922,US$ 7.41,ShengShou,2x2x2 ShengShou Circle Ball Crazy Magic Cube Black
31272,US$ 7.90,DianSheng/DS,DianSheng MODAO Magic Cube Black
31167,US$ 9.87,DaYan,DaYan GuHong V1 3x3x3 Multicolor 57mm  Magic Cube
31271,US$ 5.94,DianSheng/DS,DianSheng MODUN Magic Cube Black
31308,US$ 1.74,(MHZ) Cube4You,Cube4You Cube Base Holder White
31463,US$ 5.44,CubeTwist,CubeTwist Square-1 Magic Cube White
29510,US$ 10.13,(MHZ) Cube4You,Cube4you (MHZ) 3x3x5 Intelligence Magic Cube Black
29508,US$ 6.43,LanLan/LL,LANLAN 3x3x2 Puzzle Speed Cube Black
29647,US$ 10.13,DIY Kits,3x3x4 MHZ Magic Cube DIY Kit Blue
29509,US$ 6.43,LanLan/LL,2x3x3 LL Column Magic Cube Black
29549,US$ 6.93,LanLan/LL,LL Octahedral IQ Test Magic Cube Black
30308,US$ 3.73,CubeTwist,3x3x3 CubeTwist Magic Cube Natural Color
30145,US$ 4.82,QJ,QJ 2-Layer Super-Square 1 Magic Cube White
29729,US$ 6.43,LanLan/LL,2x3x3 LL Column Magic Cube White
29890,US$ 4.21,LingAo/LA,LA 8-in-1 Sheet Magic IQ Test Cube
27664,US$ 4.46,YJ (MoYu),3x3x3 YJ Red Heart Magic Intelligence Test Cube
30315,US$ 10.13,Others,Spider-Man Freak Magic Cube (Authentic)
27661,US$ 4.46,QJ,QJ Heart to Heart Magic Intelligence Test Cube Blue
30493,US$ 3.47,Mirror Cubes,3x3x3 CY Gold Mirror Cube Magic Cube Black
27712,US$ 4.46,DianSheng/DS,2x3x3 DS Magic Cube in Cube Puzzle White
28168,US$ 3.59,YJ (MoYu),3x3x3 YJ Pink Heart Magic Intelligence Test Cube
27773,US$ 2.74,DianSheng/DS,3x3x3 DS Square Magic IQ Test Cube White (Hardback Edition)
27979,US$ 2.49,Cube Keychain,3x3x3 3CM Transparent Magic Cube Keychain
27830,US$ 3.35,GuoJia/Type A,3x3x3 GuoJia Frosted Magic Cube Black
28868,US$ 3.23,YJ (MoYu),3x3x3 YJ FinHop Magic Cube White (Competion Edition)
28169,US$ 5.20,YJ (MoYu),3x3x3 YJ Blue Heart Magic Intelligence Test Cube
28565,US$ 5.44,Others,2x2 Rugby Shape Magic IQ Test Cube White
28410,US$ 4.46,DianSheng/DS,2x3x3 DS Magic Cube in Cube Puzzle Black
28458,US$ 5.20,Others,2-Layer Treasure Box IQ Test Magic Cube White
28899,US$ 4.96,Others,Seven Color Box Luminous Magic Cube
25583,US$ 5.70,LanLan/LL,4x4x4 LL Magic Intelligence Test Cube Black
26255,US$ 8.16,(MHZ) Cube4You,Cube4you (MHZ) 3x3x4 Cuboid Puzzle Speed Cube - White
25568,US$ 3.73,LanLan/LL,Lan Lan 2x2x2 50mm White Magic Cube
26348,US$ 10.87,MF8,MF8 12-Color PVC Sticker Polygonal Luminous Magic IQ Test Cube
26350,US$ 19.49,MF8,4x4x4 MF8 Circle Magic Intelligence Test Cube White
26254,US$ 8.16,(MHZ) Cube4You,3x3x4 MHZ Magic Intelligence Test Cube Black
26346,US$ 10.13,MF8,MF8 12-Color PVC Sticker Polygonal Magic IQ Test Cube Black
26844,US$ 6.18,CYH,4x4x4 CYH One Stick Cube Assembly IQ Test Cube
27212,US$ 3.47,GuoJia/Type A,3x3x3 Type A 5.2CM Small A Magic Cube White
26783,US$ 3.59,LingAo/LA,LA 12-in-1 Sheet Magic IQ Test Cube
27337,US$ 5.94,XM,2x2 XM Globe Magic Intelligence Test Cube Dark Green
23579,US$ 5.44,QJ,QJ Center Rotation Magic Intelligence Test Cube White
27372,US$ 3.97,Cube Stickers,4 Color Sticker for Genuine 3x3x3 Magic Cube
23689,US$ 3.23,XM,XM Green Frosted Mirror Lines Magic Intelligence Test Cube
27463,US$ 1.74,Cube Stands,Compact Plastic Cube Base Holder Black
24826,US$ 14.80,LWB,3-in-1 3x3x3 LWB Magic Intelligence Test Cube Black
27436,US$ 2.00,Cube Keychain,2x2 XM 2.4CM Magic IQ Test Cube Keychain White
23963,US$ 4.46,LanLan/LL,1x3x3 LL Speed Puzzles Smooth Magic Cube White
23962,US$ 4.46,LanLan/LL,1x3x3 LL Speed Puzzles Smooth Magic Cube Black
24166,US$ 5.44,QJ,QJ 12-Color PVC Sticker Polygonal Magic Intelligence Test Cube Black
24711,US$ 4.16,Others,Professional Big Rectangle Stackmat Magic Cube Mat
24827,US$ 9.87,LWB,2-in-1 3x3x3 LWB Magic Intelligence Test Cube Black
24874,US$ 8.90,LWB,4-in-1 3x3x3 LWB Magic Intelligence Test Cube Black
24875,US$ 16.29,LWB,5-in-1 3x3x3 LWB Magic Intelligence Test Cube Black
24838,US$ 27.37,(MHZ) Cube4You,Gigaminx MHZ White Dodecahedron 12 Sided Magic Cube Puzzle 5x5
49152,US$ 10.37,GuoBing/Type-C,2x2x2 WitTwo Type C Multi-colored Magic Cube
48715,US$ 24.90,WitEden,3x3x9 II Super WitEden Magic Cube White
48713,US$ 24.90,WitEden,3x3x9 I Super WitEden Magic Cube Blue
48977,US$ 2.98,Cube Stickers,Cube Twist 7-Color Oracal Stickers for 56mm 3x3x3 Magic Cube
22360,US$ 4.58,Others,Empty 3X3X3 Speed Smooth Magic Intelligence Test Cube (black line)
22818,US$ 2.98,ZhiSheng,ZS 1x3x3 Magic Intelligence Test Cube Black
22361,US$ 5.20,QJ,3X3X3 QJ Hollow Magic Intelligence Test Cube White
51176,US$ 10.13,DaYan,DaYan GuHong II 3x3x3 Speed Magic Cube White (Strengthened Edition)
51177,US$ 9.87,DaYan,DaYan GuHong V2 3x3x3 Black 57mm  Magic Cube
22364,US$ 5.44,QJ,QJ Center Rotation Magic Intelligence Test Cube Black
22362,US$ 4.82,QJ,QJ QJ8007 Megaminx Irregular Brain Teaser Magic IQ Cube Black
42769,US$ 10.87,DaYan,DaYan V ZhanChi
42488,US$ 13.83,Rubik's Snakes,3-in-1 Transformable Magic Ruler Magic Cube
43131,US$ 1.74,Cube Bags,Portable Magic Cube Carrying Pouch Bag with Lightake Logo Blue
43142,US$ 8.40,Others,2x3x3 Dice Shaped Magic Cube Black/Beige
44314,US$ 11.36,DaYan,3x3x3 DaYan 4 LunHui Magic Cube Red
43912,US$ 12.34,DaYan,DaYan V ZhanChi 3x3x3 White 57mm  Magic Cube
44974,US$ 6.43,CubeTwist,3x3x5 CubeTwist Conjoined Magic Cube Black/Silver
45301,US$ 9.87,DaYan,3x3x3 DaYan LingYun 2nd Generation Magic Cube Black
44973,US$ 6.43,CubeTwist,3x3x5 CubeTwist Conjoined Magic Cube Black/Golden
45681,US$ 10.01,DaYan,3x3x3 DaYan III LingYun Color Magic Cube
43482,US$ 1.74,Cube Stickers,Dayan GuHong 3x3x3 Magic Cube 57mm Stickers 6 pack
M108401,US$ 8.64,FangShi/FS,FS 3-Layer ShuangRen Magic Cube Puzzle Cube - Black
48708,US$ 24.90,WitEden,3x3x7 Super WitEden Magic Cube Black
45795,US$ 11.24,DaYan,DaYan V ZhanChi 3x3x3 Multicolored 57mm  Magic Cube
M108001,US$ 11.36,DaYan,DaYan 2x2x2 50mm Black  Magic Cube
M108101,US$ 11.24,DaYan,DaYan 2x2x2 50mm White  Magic Cube
M107701,US$ 11.24,DaYan,46mm 2x2x2 DaYan 1st Generation Magic Puzzle Cube - Black
M107801,US$ 11.24,DaYan,46mm 2x2x2 DaYan 1st Generation Magic Puzzle Cube - White
45682,US$ 4.70,ShengShou,ShengShou V3 4x4x4 Puzzle Speed Cube  62mm- Black
M107901,US$ 11.24,DaYan,46mm 2x2x2 DaYan 1st Generation Magic Puzzle Cube - Colorful
M108701,US$ 5.20,DianSheng/DS,DS Round Shape 3-Layer Magic Cube Puzzle Toy - Black
M109001,US$ 8.64,YJ (MoYu),YJ YJ8205 MoYu 3-Layer HuanYing Magic Cube Puzzle Cube (55mm)
M110501,US$ 8.78,FangShi/FS,FangShi (Funs Puzzle）ShuangRen 3x3x3 Puzzle Speed Cube (54.6mm)
M108201,US$ 11.36,DaYan,DaYan 2x2x2 50mm Multicolored Magic Cube
M111001,US$ 8.52,FangShi/FS,FangShi ShuangRen 3x3x3 Puzzle Speed Cube (54.6mm)
M110801,US$ 7.17,YJ (MoYu),MoYu WeiLong V1 3x3x3 (57mm) Speed Cube Competition Version
M112501,US$ 2.86,YJ (MoYu),YJ YJ8301 SuLong 3x3x3 Puzzle Speed Cube  (56mm)
59401,US$ 14.31,DaYan,DaYan  Dodecahedron Megaminx 12-axis 3-rank Puzzle Magic Cube  with Ridge
61318,US$ 11.36,Others,New VK Supersede Mirror Blocks Puzzle Blaze Magic Cube - Black
62034,US$ 17.52,WitEden,WitEden SQ224 Magic Cube Puzzle - Black
59400,US$ 14.56,DaYan,Da Yan Megaminx Dodecahedron Speed Cube with Corner Ridges - Multicolor
61317,US$ 8.40,DaYan,DaYan Mini Zhanchi 3x3x3 Puzzle Speed Cube (42mm) 	 - Black
62032,US$ 3.59,3x3,55mm 3x3x3 DS Colorful Magic Cube - Multicolor
62035,US$ 17.52,WitEden,WitEden 2x2x3 Magic Cube Black
62033,US$ 11.98,DaYan,DaYan V Zhanchi 3x3x3 Purple 57mm
62036,US$ 17.52,WitEden,WitEden 2x3x4 Camouflage Rubixs Magic Cube - Black
62711,US$ 5.77,ShengShou,ShengShou Dodecahedron Megaminx Puzzle Speed Cube  - White
62976,US$ 2.98,ShengShou,ShengShou Wind 3x3x3 Brain Teaser Magic IQ Cube (57mm)- White
M111501,US$ 8.64,FangShi/FS,Fangshi Shuang Ren II 3x3x3 Speed Cube Puzzle Primary Color (57mm)
62975,US$ 2.98,ShengShou,ShengShou Wind 3x3x3 Brain Teaser Magic IQ Cube (57mm)- Black
53016,US$ 8.90,3x3,3x3x3 WitLong Type C IV Multi-colored Magic Cube Multi-color
52135,US$ 3.01,ShengShou,ShengShou 3x3x3 Mirror Blocks Puzzle Speed Cube (57mm) Black
53463,US$ 10.13,DIY Kits,3x3x3 DaYan 2 GuHong Rubix Magic Cube DIY Kits Purple
56061,US$ 8.90,MF8,MF8 6-Color Magic Intelligence Test Dino Cube - Black
56083,US$ 9.39,DaYan,DaYan V ZhanChi 3x3x3 Black 55mm  Magic Cube
56080,US$ 9.39,DaYan,DaYan V ZhanChi 3x3x3 White 55mm  Magic Cube
54780,US$ 10.13,DaYan,DaYan GuHong II 3x3x3  Puzzle Speed Cube Multicolored
56056,US$ 5.70,Cube Keychain,WitEden Type C Mini 3x3x3 Puzzle Speed Cube with Keychain
29192,US$ 2.98,3x3,3x3x3 ShengShou Full Sealed Magic Cube White
22355,US$ 3.23,XM,3x3x3 XM Silver Mirror Magic Intelligence Test Rubik Cube Black
22354,US$ 3.11,XM,3x3x3 XM Golden Mirror Magic Intelligence Test Cube Black
29190,US$ 2.86,3x3,3x3x3 ShengShou Full Sealed Magic Cube Black
60337,US$ 3.97,Irregular Puzzles,DIY Puzzle Building Block Table Calendar - Black
60575,US$ 3.59,Irregular Puzzles,DIY Puzzle Building Block Table Calendar - Yellow
56757,US$ 31.06,Ayi,Ayi Fully Functional 5×5×4 Magic Cube - White
56085,US$ 8.64,DaYan,DaYan V ZhanChi  3x3x3 Black 50mm  Magic Cube
56156,US$ 7.90,DaYan,DaYan V ZhanChi 3x3x3 Multicolor 42mm Magic Cube
60573,US$ 4.58,Irregular Puzzles,DIY Puzzle Building Block Table Calendar - Blue
60574,US$ 3.59,Irregular Puzzles,DIY Puzzle Building Block Table Calendar - Red
56759,US$ 20.72,Ayi,Ayi Fully Functional 4×4×5 Rubix Magic Cube - Black
59299,US$ 14.56,DaYan,DaYan Megaminx 1 12-axis 3-rank Dodecahedron Magic Cubes - Multicolor
56760,US$ 23.43,Ayi,Ayi Fully Functional 5×5×4 Magic Cube - Black
59298,US$ 14.56,DaYan,DaYan Megaminx 1 12-axis 3-rank Dodecahedron Magic Cube - Black
64112,US$ 13.21,Ayi,Ayi 3-Layer Cheese Cake Magic Cube Puzzle Cube - White
M112601,US$ 7.17,YJ (MoYu),MoYu WeiLong V1 Speed Cube Competition Version 3x3x3 (57mm) Primary Color
64114,US$ 11.36,DaYan,DaYan V ZhanChi 3x3x3 6 Colors 55mm
M112901,US$ 8.90,FangShi/FS,57mm Fangshi Shuang Ren Ⅱ3x3x3 Mage Puzzle Cube
M113201,US$ 10.13,FangShi/FS,FangShi ShuangRen II 3x3x3 Puzzle Speed Cube 57mm
48711,US$ 24.90,WitEden,WitEden 3x3x9 Magic Puzzle Speed Cube  Black
23165,US$ 4.58,LanLan/LL,3X3X3 LL Hollow Transparent Magic Cube
23053,US$ 5.82,CYH,CYH Diamond Magic Intelligence Test Cube White
48712,US$ 23.19,WitEden,3x3x9 I Super WitEden Magic Cube White
24876,US$ 11.36,LWB,6-in-1 3x3x3 LWB Magic Intelligence Test Cube Black
25268,US$ 5.44,DIY Kits,3x3x3 Type C Magic Cube DIY Kit Transparent
23236,US$ 5.44,CYH,CYH Irregular Stick Magic Intelligence Test Cube
27464,US$ 1.74,Cube Stands,Clone RBK Cube Transparent Base Holder
25566,US$ 5.44,YJ (MoYu),YJ Pinwheel Magic Intelligence Test Cube
25567,US$ 3.73,LanLan/LL,Lan Lan 2x2x2 50mm Black Magic Cube
27465,US$ 1.74,Cube Stands,Compact Plastic Cube Luminous Base Holder
29189,US$ 10.62,MF8,MF8 Dodecahedron Megaminx Puzzle Magic Cube 12-Color Sticker
28998,US$ 2.00,Cube Bags,Compact Cube Cloth Bag (Assorted Type)
28989,US$ 4.70,QJ,QJ King of 2-Layer Oblique Rotating Magic Cube Black
30497,US$ 1.34,Cube Stickers,Cube Twist Sticker for 5.0CM 2-Layer Magic Cube (Black Side)
30495,US$ 2.49,Tools,LanLan Stickers Driver Opener
32482,US$ 5.17,QuickFinger,Black Gear Cube  Puzzle Toy
30499,US$ 2.24,Cube Stickers,Cube Twist Sticker for 5.6CM 3-Layer Magic Cube (White Side)
32140,US$ 5.44,CubeTwist,CubeTwist Square-1 Magic Cube Black
30503,US$ 2.49,Cube Stickers,Cube Twist Sticker for 6.0CM 4-Layer Magic Cube (Black Side)
32225,US$ 3.73,YJ (MoYu),YongJun Red Apple Magic Cube
32481,US$ 5.57,QuickFinger,Stickered Gear Cube Magic Cube White
35392,US$ 8.40,LWB,LWB DIY 5-Layer Siamese Red Mirror Magic Cube White
36571,US$ 17.03,MF8,4x4x4 MF8 DaYan Spring Magic Cube White
30595,US$ 5.94,CubeTwist,CubeTwist 12-in-1 Sheet Magic IQ Test Cube
35357,US$ 5.94,MF8,MF8 SQ1 Magic Cube 2nd Gen Black
35842,US$ 9.39,LanLan/LL,4x4x4 LanLan Sepak Sakraw Magic Cube Black
36998,US$ 10.62,Timers,QJ Competition Speed Timer Black (The 2nd Version)
46434,US$ 2.98,QJ,3x3x3 QJ Mini Magic Cube White (Latest Sticker)
51650,US$ 3.97,Cube Stickers,Half-bright Oracal Stickers for 57mm 3x3x3 Magic Cube
51644,US$ 3.97,Cube Stickers,Half-bright Oracal Stickers for 56mm 3x3x3 Magic Cube
51559,US$ 20.47,MF8,3x4x5 MF8 Six Axis Magic Cube Black
36572,US$ 6.67,MF8,MF8 SQ-1 Magic Cube Gen 2nd White
51560,US$ 20.47,MF8,3x4x5 MF8 Six Axis Magic Cube Transparent
M114701,US$ 3.85,YJ (MoYu),YJ YJ8303 Ling Gan 3x3x3 Speed Cube Puzzle with Tiles (60mm)
M110101,US$ 3.73,Cube Stickers,Full Brightness A Oracal Cube Stickers for 2x2 Pazzle Cube
51655,US$ 3.47,Cube Stickers,Oracal Stickers for 56mm 3x3x3 Magic Cube (Blue Version)
M116001,US$ 11.86,LanLan/LL,LanLan Skewb Curvy Rhombohedron Speed Cube Puzzle (70mm)
M116301,US$ 11.36,FangShi/FS,Fang Shi Shuang Ren 3x3x3 Small Speed Cube (54.6mm) Puzzle Toy
M113401,US$ 5.44,ShengShou,ShengShou Fifth Generation 4x4x4 Brain Teaser Magic IQ Cube (60mm)
M114301,US$ 12.10,YJ (MoYu),YJ YJ8207 Moyu Weisu 4x4x4 Magic Puzzle Speed Cube (62mm)
42650,US$ 11.36,WitEden,3x3x3 Super WitEden Magic Cube White
29047,US$ 3.73,GhostHand/GS,3x3x3 GS Full Sealed Magic Cube VVGOO-II Natural Color (Speed Edition)
M118601,US$ 2.24,Tools,Small Stainless Steel Cutter Knife for Changing Magic Puzzle Cube Stickers
H757401,US$ 13.33,Irregular Puzzles,3D Jigsaw Puzzle Paper Model Caribbean Pirate Ship Model
M118901,US$ 5.94,SpeedStacks,12-Cup SpeedStack Game Funny Magic Cup Speed Flying Stacks
M116501,US$ 11.36,FangShi/FS,FangShi Shi Shuang 2x2x2 50mm Magic Cube
M119601,US$ 16.29,YJ (MoYu),Pink Version--Moyu Moyan I Devil's Eyes Speed Cube Puzzle
M119101,US$ 7.66,YJ (MoYu),YJ YJ8220 MoYu LiYing 3x3x3 Puzzle Speed Cube--Enhanced Version of Moyu Huan Ying
M120201,US$ 8.16,YJ (MoYu),YJ YJ8601 Su Long 3x3x3 Magic Cube Puzzle 55mm  (6 Pack)
M120401,US$ 9.63,YJ (MoYu),YJ Ling Gan 3x3x3 (55mm) Speed Cube Magic Cube Puzzle (6 Cubes Pack)
M125301,US$ 3.89,QJ,QJ Gui Dao Wang 3x3x3 Speed Magic Puzzle Cube (57mm)
M120601,US$ 3.97,YJ (MoYu),Yong Jun Yu Long 3x3x3 Speed Cube Competition Version Stickered (57mm)
M120501,US$ 9.87,GansPuzzle,Gans 3-57 Ganspuzzle III 57mm 3x3x3 Speed Cube Magic Cube
M128101,US$ 1.88,Cube Components,Spring & Screws Set for Sheng Shou 5x5x5 Magic Puzzle Cube
M128001,US$ 1.80,Cube Components,Spring & Screws Set for 3x3x3 Type A （Alpha）Magic Puzzle Cube
M127603,US$ 13.07,XWH (Maru),Maru 2x2x2 50mm Magic Cube
M129301,US$ 1.73,Tools,Stainless Steel Mini Cross Head Screwdriver for Magic Cube
M129402,US$ 4.46,Others,Z-Cube 2x2x3 Magic Speed Cube Rotational Twisty Puzzle
Y225001,US$ 5.56,Irregular Puzzles,Metallic Nano Puzzle Simulation Model Eiffel Tower
M129201,US$ 1.85,GuoJia/Type A,Guo Jia 3x3x3 Cartoons Printed Key Ring Mini Fun Magic Cube Puzzle Toy Gift (30mm)
M132102,US$ 8.52,DaYan,Dayan Zhanchi 55mm  Magic Cube 3x3x3 Speed Puzzle
M133601,US$ 5.20,XWH (Maru),Maru 3x3x3 Transparent Yellow Smooth Magic Cube 30mm
M131603,US$ 4.82,LanLan/LL,LanLan 3X3X3 Hollow Magic Intelligence Test Cube 57mm
M134801,US$ 10.37,YJ (MoYu),Mini Mo Yu Ao Long 3x3x3 Speed Magic Cube 54.5m
M132801,US$ 10.37,YJ (MoYu),Mini Mo Yu Ao Long 3x3x3 Speed Magic Cube 54.5mm
M131801,US$ 3.23,YJ (MoYu),YJ Yong Jun Square King Fisher Magic Cube 3x3x3 Speed Puzzle Toy Concept Edition
M136301,US$ 6.06,3x3,3 x 3 x 3 Magic Cube Puzzle(55mm)
M139901,US$ 5.20,Others,Guo Meng 2x2x2 60mm Magic Cube
M140101,US$ 5.94,4x4x4,Guo Meng 4x4x4 60mm Magic Cube
M131908,US$ 7.41,DaYan,Dayan V ZhanChi 3x3x3 42mm 6 Color Stickerless Darken Version
M144901,US$ 7.05,YJ (MoYu),YJ Ling Po 2x2x2 50mm Magic Cube
M139701,US$ 4.96,QJ,QJ 4x4x4 60mm with Mini 3x3 Keychain Magic Cube Combo
M140901,US$ 12.83,YJ (MoYu),12 Pcs Yong Jun Speed Stacks Sport Stacking Cups
M145401,US$ 3.97,Others,Guo Meng Concave Type 3x3x3 57mm Magic Cube
M145101,US$ 2.36,ShengShou,Sheng Shou Su Jie 3x3x3 57mm Magic Cube
M150502,US$ 5.82,LanLan/LL,Lan Lan Magic Cube 2x3x3
M151801,US$ 2.86,3x3,Colorful Magic Cube Stickerless  3x3x3 57mm
M154401,US$ 10.13,Irregular Puzzles,Q-Borg Creative Irregular Magic Cube
M147701,US$ 5.37,DianSheng/DS,Dian Sheng Blade Moren Rhomboid Shape Mode Magic Cube Puzzle
M152101,US$ 21.20,DaYan,Dayan Skewb 4x4x4 60mm Magic Cube
M152001,US$ 5.40,ShengShou,Sheng Shou Skewb 58mm Magic Cube
M154601,US$ 19.24,MF8,New MF8 Megaminx Stickerless Magic Cube (9cm) Big Megaminx Puzzle
M154701,US$ 21.96,MF8,New MF8 Constrained Megaminx Stickerless Magic cube (9cm) Big Megaminx Puzzle
M138301,US$ 4.58,QJ,QJ  SSQ 4x4x4 Magic Cube 56mm
M158501,US$ 27.37,MF8,MF8 Curvy Copter III Stickerless Magic Cube Speed Puzzle 60mm
M160201,US$ 10.13,Others,MAD HEDZ Crazy Scar 2x2x2 Puzzle Head Cartoon Irregular Magic Cube 68MM
M161901,US$ 9.63,XWH (Maru),XWH 3x3x3 Maru Nano Cube Magic Cube DIY Kit 15mm
M158601,US$ 18.26,YJ (MoYu),Moyu Mini Aosu 4x4x4 Magic Cube Speed Cube Puzzle 60mm
M161801,US$ 43.39,WitEden,WitEden Greg & Felix 2x2x2 Megaminx Stickerless Magic Cube
M163401,US$ 3.97,Others,New Magic Cube Pillow 3x3x3 Stickerless Magic Cube Speed Cube 60mm
M163701,US$ 37.31,FangShi/FS,Limcube Dreidel 3x3x3 Sticked Magic Cube 65mm (Limited Edition)
M147001,US$ 4.82,QuickFinger,QuickFinger 3x3x3 57mm Gear Cube Magic Cube 2nd Generation
M163801,US$ 43.39,FangShi/FS,Limcube Dreidel 3x3x3 Magic Cube Transparent Pink Body 65mm (Limited Edition)
M165101,US$ 2.88,ShengShou,ShengShou Mastermorphix Zongzi 3x3x3 Stickerless Magic Cube
M165701,US$ 5.13,CubeTwist,CubeTwist Sudoku Numbers Digits 3x3x3 Magic Cube – Black
M148301,US$ 6.06,DianSheng/DS,DianSheng Octagonal Shape Magic Cube
M165201,US$ 5.13,Others,X-cube Hollow Skewb 3x3x3 Bread Pillow Shape Magic Cube PVC Sticker Twist Puzzle - Black (5.7cm)
M166801,US$ 16.29,WitEden,WitEden 3x3x3 Camouflage Cube Magic Cube Black
M163902,US$ 27.95,DaYan,DaYan Gem Cube IV Magic Cube
M166501,US$ 5.88,YJ (MoYu),Yongjun YJ Yusu 4x4x4 Magic Cube Speed Cube 6.2cm
1898706,US$ 3.12,YJ (MoYu),Yongjun YJ Carat Diamond 3x3x3 Magic Cube 6cm - Transparent Blue
1928380,US$ 9.77,YJ (MoYu),MoYu TangLong 3x3x3 Speed Cube Magic Cube
M167001,US$ 40.92,MF8,MF8 Curvy Copter III Transparent Green Body DIY Magic Cube
1898678,US$ 50.44,YJ (MoYu),YJ MoYu Aofu GT 7x7x7 Speed Cube Yongjun Square 7x7 Magic Cube - Black
